-- Adminer 4.7.6 MySQL dump

INSERT INTO `zones` (`id`, `name`, `width`, `height`, `position_top`, `position_left`, `created_at`, `updated_at`) VALUES
(1,	'H1',	260,	24,	423,	106,	'2020-09-29 15:17:06',	'2020-09-29 15:17:06'),
(2,	'p1',	100,	24,	2,	260,	'2020-09-29 15:17:41',	'2020-09-29 15:17:41'),
(3,	'p2',	100,	24,	42,	260,	'2020-09-29 15:17:59',	'2020-09-29 15:17:59'),
(4,	'p3',	100,	24,	82,	260,	'2020-09-29 15:18:23',	'2020-09-29 15:18:23'),
(6,	'p4',	100,	24,	122,	260,	'2020-09-29 15:20:36',	'2020-09-29 15:20:36'),
(7,	'p9',	24,	200,	0,	200,	'2020-09-29 15:24:00',	'2020-09-29 15:24:00'),
(8,	'p6',	24,	24,	200,	400,	'2020-09-29 15:24:47',	'2020-09-29 15:24:47'),
(9,	'p7',	24,	150,	251,	429,	'2020-09-29 15:25:00',	'2020-09-29 15:25:00'),
(10,	'p8',	24,	150,	250,	380,	'2020-09-29 15:25:12',	'2020-09-29 15:25:12'),
(11,	'magnolia',	100,	30,	180,	260,	'2020-09-29 15:25:57',	'2020-09-29 15:25:57'),
(12,	'p5',	24,	150,	6,	400,	'2020-09-30 17:02:02',	'2020-09-30 17:02:12'),
(13,	'H2',	24,	200,	0,	0,	'2020-10-12 17:06:33',	'2020-10-12 17:07:23'),
(14,	'pruniers',	1,	1,	198,	60,	'2020-10-15 06:40:18',	'2020-10-15 19:32:10'),
(16,	'p10',	24,	200,	0,	150,	'2021-01-19 18:34:17',	'2021-01-19 18:34:17'),
(17,	'veranda',	4,	4,	260,	195,	'2021-01-19 20:25:44',	'2021-01-19 20:26:25');


INSERT INTO `plant_definitions` (`id`, `name`, `family`, `description`, `created_at`, `updated_at`) VALUES
(1,	'Tomates',	'Solanaceae',	'C\'est bon les tomates.\r\nDe préférence pas H1 afin d\'être sûr d\'avoir la même génétique pour les générations d\'après.',	'2020-08-31 15:16:45',	'2020-08-31 15:16:45'),
(2,	'Poirier',	'Rosaceae',	'Les différents types de poiriers: \r\n\r\nLes Poiriers de grand vents',	'2020-08-31 16:27:11',	'2020-08-31 16:27:11'),
(3,	'Basilic',	'Lamiaceae',	'Grand mammouth',	'2020-08-31 16:44:06',	'2020-08-31 16:44:06'),
(4,	'Bruyère',	'Ericaceae',	'Les bruyères poussent surtout dans les sols siliceux. Ce sont tantôt des arbrisseaux ou des sous-arbrisseaux, tantôt de véritables arbustes. Disposées en grappes, les fleurs sont le plus souvent roses, parfois blanches (Erica arborea) ou verdâtres (Erica scoparia).\r\n\r\nLe genre Calluna possède des feuilles opposées en forme de petites écailles sessiles imbriquées sur 4 rangs. Le calice pétaloïde, qui enferme la corolle, est entouré à sa base par un calicule.\r\n\r\nLe genre Erica possède des feuilles en forme de petites aiguilles verticillées par 3 à 4. La corolle urcéolée à 4 dents et à étamines libres est entourée à sa base par un calice vert (coloré chez Erica herbacea). Erica sicula a une corolle généralement pentamère. Le genre Bruckenthalia a les étamines soudées à la corolle.\r\n\r\nLe genre Daboecia possède des petites feuilles ovales lancéolées. Les fleurs urcéolées sont disposées en grappe terminale.',	'2020-08-31 16:55:40',	'2020-08-31 16:55:40'),
(5,	'Vigne',	'Vitaceae',	'.',	'2020-08-31 16:57:15',	'2020-08-31 16:57:15'),
(6,	'Buddleja',	'Buddlejaceae',	'Egalement appelé arbre à papillons.',	'2020-08-31 16:58:37',	'2020-08-31 16:58:37'),
(7,	'Capucine',	'Tropaeolaceae',	'.',	'2020-08-31 17:00:34',	'2020-08-31 17:00:34'),
(8,	'Framboisier',	'Rosaceae',	'Dans son milieu naturel, on observe que le framboisier est souvent associé à d\'autres plantes telles que le hêtre, le sorbier ou le sureau. Ces plantes ont en commun un certain nombre de champignons mycorhiziens, de parasites et de faune auxiliaire qui leur permettent de se soutenir mutuellement.',	'2020-08-31 17:21:45',	'2020-08-31 17:21:45'),
(9,	'Olivier',	'Oleaceae',	'.',	'2020-08-31 17:22:27',	'2020-08-31 17:22:27'),
(10,	'Patate Douce',	'Convolvulaceae',	'.',	'2020-08-31 17:23:32',	'2020-08-31 17:23:32'),
(11,	'Pêcher',	'Rosaceae',	'Le pêcher est cultivé depuis le Moyen Âge.',	'2020-08-31 17:24:22',	'2020-08-31 17:24:22'),
(12,	'Physalis',	'Solanaceae',	'Ce sont des plantes annuelles ou vivaces, parfois un peu ligneuses à la base.',	'2020-08-31 17:25:04',	'2020-08-31 17:25:04'),
(13,	'Piment',	'Solanaceae',	'.',	'2020-08-31 17:25:55',	'2020-08-31 17:25:55'),
(14,	'Poire de terre',	'Asteraceae',	'.',	'2020-08-31 17:26:42',	'2020-08-31 17:26:42'),
(15,	'Pomme de terre',	'Solanaceae',	'Alians ou Désirée',	'2020-08-31 17:28:27',	'2020-08-31 17:28:27'),
(16,	'Pommier',	'Rosaceae',	'.',	'2020-08-31 17:29:28',	'2020-08-31 17:29:28'),
(17,	'Rosier',	'Rosaceae',	'.',	'2020-08-31 17:29:54',	'2020-08-31 17:29:54'),
(18,	'Poireau perpétuel',	'Alliaceae',	'Le poireau perpétuel est un légume ancien et rustique (résistant à des conditions climatiques peu favorables comme de fortes chaleurs).\r\n\r\nIl est cultivé depuis de nombreuses années, principalement comme condiment. En effet, le poireau perpétuel est plus petit que le poireau traditionnellement consommé et ce, aussi bien par la grosseur de ses bulbes que par la largeur de ses feuilles. Cependant, le poireau perpétuel présente l\'avantage d\'être vivace.',	'2020-08-31 19:17:32',	'2020-09-19 15:25:48'),
(19,	'Santoline',	'Asteraceae',	'La santolina est une plante méditerranéenne au feuillage persistant intéressant.',	'2020-09-01 10:24:56',	'2020-09-01 10:24:56'),
(20,	'Verveine',	'Verbenaceae',	'Les verveines sont des plantes de la famille des Verbenaceae. Ce sont des plantes aromatiques ou ornementales. Les différentes espèces sont classées au moins dans trois genres différents:\r\n    Verbena est le genre de Verbena officinalis, la verveine officinale, espèce peut-être la plus connue en Europe. Elle est cosmopolite. On lui attribuait dans l\'Antiquité des vertus miraculeuses. Appelée « herbe à Vénus », cette plante avait pour vertu d\'attirer l\'amour.\r\n    Le genre contient une centaine d\'autres espèces.\r\n    Verveine vient du latin uerbenæ, « rameaux de laurier, d\'olivier, de myrte »1.',	'2020-09-30 12:09:45',	'2020-09-30 12:09:45'),
(21,	'Hibiscus',	'Malvacées',	'L’hibiscus est une fleur symbole des îles tropicales, très éphémère, mais se renouvelant continuellement. La palette de couleur est large pour cette plante frileuse à cultiver en pot sous nos climats.',	'2020-09-30 12:16:16',	'2020-09-30 12:16:16'),
(22,	'Estragon',	'asteraceae',	'Plante herbacée de 80 cm de hauteur environ, à nombreuses tiges très ramifiées, à feuilles étroites, pérenne par sa souche. Les feuilles, étroites, lisses et brillantes, de couleur vert foncé, disparaissent pendant l\'hiver.\r\n\r\nFleurs jaune verdâtre, assez rares, généralement stériles.',	'2020-09-30 12:25:01',	'2020-09-30 12:25:01'),
(23,	'Artichaut',	'Asteraceae',	'La culture de l’artichaut est, contrairement aux idées reçues, relativement simple à conduire.\r\nLa culture de l’artichaut se fait soit par semis, soit par plantation d’oeilletons. Si la plantation d’oeilletons est la technique la plus courante, il est intéressant de s’essayer au semis.',	'2020-09-30 16:58:11',	'2020-09-30 16:58:11'),
(24,	'Ciboulette',	'Alliaceae',	'Une fois en place, la ciboulette réclame peu d’entretien, elle pousse toute seule et se multiplie facilement.\r\n\r\n    Coupez régulièrement les fleurs afin d’éviter que la plante ne monte en graine. Les fleurs sont bonnes à manger.\r\n    Conservez néanmoins quelques fleurs afin de favoriser le semis spontané, c’est la garantie de voir votre ciboulette se développer.\r\n    En effet, n’hésitez pas à secouer la tête pour faire tomber les graines qui produiront de nouvelles pousses de ciboulette.',	'2020-10-04 17:24:36',	'2020-10-04 17:24:36'),
(25,	'Chrysanthème',	'Asteraceae',	'Entretien et arrosage du chrysanthème\r\n\r\nLe chrysanthème réclame assez peu de soin et d’entretien si ce n’est d’arroser régulièrement lorsqu’il ne pleut pas.\r\n\r\n    Supprimez les fleurs fanées au fur et à mesure, cela favorise l’apparition de nouvelles fleurs.\r\n    Arrosez lorsque le sol est sec, surtout pour l’utilisation en pot car le chrysanthème réclame un sol humide pour bien se développer.\r\n    Il ne faut pas mouiller le feuillage afin d’éviter l’apparition de maladies comme la rouille ou l’oïdium.\r\n\r\nMaladies du chrysanthème\r\n\r\nLe chrysanthème est sujet à quelques maladies et parasites qui sont toutefois évitable, surtout en évitant de mouiller le feuillage et en espaçant suffisamment chaque plant pour ne pas qu’il se touchent.\r\n\r\n    Oïdium : une pellicule blanchâtre recouvre les feuilles et les tiges\r\n    Rouille : des pustules apparaissent sur la face inférieur des feuilles\r\n    Pucerons : les feuilles s’enroulent et finissent par tomber.',	'2020-10-12 17:09:26',	'2020-10-12 17:09:26'),
(26,	'Prunier',	'Rosaceae',	'.',	'2020-10-15 06:40:04',	'2020-10-15 06:40:04'),
(27,	'Cassissier',	'Grossulariaceae',	'.',	'2020-10-15 06:48:23',	'2020-10-15 06:48:23'),
(28,	'Charme',	'Betulaceae',	'.',	'2020-10-15 06:55:11',	'2020-10-15 06:55:11'),
(29,	'Callistemon',	'Myrtacées',	'Le callistemon est un petit arbuste, à la fois original et très décoratif.\r\n\r\nEn résumé, ce qu’il faut savoir :\r\n\r\nNom : Callistemon citrinus\r\nFamille : Myrtacées\r\nType : Arbuste\r\n\r\nHauteur : 1 à 3 m\r\nExposition : Ensoleillée et mi-ombre\r\nSol : Ordinaire\r\n\r\nFeuillage : Persistant – Floraison : Eté',	'2021-01-17 15:08:50',	'2021-01-17 15:08:50'),
(30,	'Fusain d\'europe',	'Célastracées',	'Le fusain d’Europe Euonymus europaeus est un arbuste ornemental indigène, facile à cultiver, favorable à la biodiversité et de riches couleurs automnales ; il accepte les sols très calcaires et s’utilise en haie comme en isolé.',	'2021-01-17 15:14:08',	'2021-01-17 15:14:08'),
(31,	'Chicorée',	'Asteraceae',	'.',	'2021-01-19 18:26:15',	'2021-01-19 18:26:15'),
(32,	'Chou cabus',	'Brassicaceae',	'Il existe de nombreuses variétés en fonction de la saison et de leur résistance au froid ou au chaud :\r\n\r\n    des choux cabus hâtifs (semis en janvier-février, récolte en juin-juillet ou semis en septembre et récolte en avril),\r\n    des choux cabus de moyenne saison (semis de mars à juin, récolte de juillet à août),\r\n    des choux cabus tardifs (semis de mai à juin, récolte de novembre à mars).\r\n\r\nOn plante les choux à 50 cm d\'écart en tous sens dans une terre riche, arrosée régulièrement et paillée. En hiver, dans les régions froides, on les couvre d’un voile d’hivernage.',	'2021-01-19 18:32:39',	'2021-01-19 18:32:39'),
(33,	'Oseille ou Rumex',	'Polygonaceae',	'.',	'2021-01-19 18:50:10',	'2021-01-19 18:50:10'),
(34,	'Pois',	'Fabaceae',	'e Pois cultivé (Pisum sativum L.) est une espèce de plante annuelle de la famille des légumineuses (Fabacées), largement cultivée pour ses graines, consommée comme légume ou utilisée comme aliment du bétail. Le terme désigne aussi la graine elle-même, riche en énergie (amidon) et en protéines (de 16 à 40 %)1. Les pois secs se présentent souvent sous la forme de « pois cassés ». Les pois frais, récoltés avant maturité, sont plus couramment appelés « petits pois ».',	'2021-01-19 18:55:35',	'2021-01-19 18:55:35'),
(35,	'Oinions',	'Liliaceae',	'L\'oignon ou ognonN 1 (Allium cepa), prononcé /ɔ.ɲɔ̃/, est une espèce de plantes herbacées bisannuelles de la famille des Amaryllidaceae, largement et depuis longtemps cultivée comme plante potagère pour ses bulbes de saveur et d\'odeur fortes ou pour ses feuilles. Le terme désigne aussi le bulbe de cette plante récolté comme légume. Par extension, il désigne parfois familièrement en jardinage les bulbes d\'autres plantes, généralement non comestibles (par exemple : oignon de tulipe).\r\n\r\nL\'oignon est utilisé à la fois comme légume et comme condiment.\r\n\r\nLe bulbe de l\'oignon se compose de bases épaissies de feuilles s\'enveloppant les unes dans les autres. De façon générale on parle d\'oignon pour tous les bulbes de liliacées, comme les tulipes.\r\n\r\nL\'échalote est une plante très voisine de l\'oignon mais elle présente un nombre de points végétatifs par bulbe plus important. La saveur de l\'échalote est également plus marquée que celle de l’oignon',	'2021-01-19 19:36:22',	'2021-01-19 19:36:22'),
(36,	'zzz',	'zzz',	'zzz',	'2021-01-19 19:44:03',	'2021-01-19 19:44:03'),
(37,	'Ail',	'Liliaceae',	'.',	'2021-01-19 19:47:07',	'2021-01-19 19:47:07'),
(38,	'Courge',	'Cucurbitaceae',	'.',	'2021-01-19 19:56:28',	'2021-01-19 19:56:28'),
(39,	'Chenopode',	'Amaranthaceae',	'.',	'2021-01-19 20:21:30',	'2021-01-19 20:21:30'),
(40,	'Persil Tubéreux',	'toBeDefined',	'toBeDefined',	'2021-03-20 10:57:40',	'2021-03-20 10:57:40'),
(41,	'Lupin',	'Fabaceae',	'.',	'2022-02-14 17:15:31',	'2022-02-14 17:15:31');

INSERT INTO `plants` (`id`, `name`, `description`, `created_at`, `updated_at`, `cultivar`, `plant_definition_id`, `zone_id`) VALUES
(1,	'Pommier',	'Variété : Chailleux\r\n\r\nCette pomme ancienne de taille moyenne, légèrement aplatie, est très mamelonnée. Sa peau rouge vermillon est parcourue de nombreuses veines de couleur liège clair. Sa chair blanche se révèle délicatement parfumée en bouche. Chailleux appartient à la catégorie des pommes mi-précoces : on la récolte vers la fin septembre.\r\n\r\nPlutôt rustique l’arbre s’adapte à presque toutes les conditions de culture, ce qui a permis sa diffusion sur l’ensemble du territoire. Sa vigueur moyenne est plus adaptée à une forme en buisson ou en gobelet qu’à un pommier de plein vent.',	'2020-08-26 17:41:02',	'2021-03-16 20:56:52',	'.',	16,	12),
(2,	'Olivier',	'https://www.rustica.fr/arbres-et-arbustes/taille-olivier,6359.html',	'2020-08-26 18:26:45',	'2020-08-31 17:39:17',	'.',	9,	NULL),
(3,	'Piment oiseau',	'https://www.fermedesaintemarthe.com/A-1406-piment-purple-ab.aspx',	'2020-08-26 18:31:17',	'2020-08-31 17:40:41',	'non défini',	13,	NULL),
(4,	'Poirier',	'Type Beuré Hardy',	'2020-08-26 18:34:41',	'2023-01-29 15:50:24',	'Beuré Hardy',	2,	12),
(5,	'Pêcher',	'A côté du poirier ou a côté du compost',	'2020-08-26 18:37:43',	'2021-03-16 20:57:40',	'.',	11,	2),
(6,	'Pêcher : Grosse Mignone',	'Celui entre le magniolia et le cerisier',	'2020-08-26 18:38:13',	'2021-03-16 20:57:24',	'Grosse Mignone',	11,	7),
(7,	'Vigne',	'Raisin blanc',	'2020-08-26 18:39:27',	'2021-03-16 20:57:55',	'.',	5,	12),
(8,	'Pomme de terre',	'C\'est une pomme de terre de consommation à chair ferme. Elle offre un très bon rendement pour une récolte primeur ou non, demi-précoce, avec des tubercules de petite taille, mais nombreux. Cette variété est sensible au mildiou du tubercule et à la gale commune, ainsi qu\'à l\'égermage',	'2020-08-26 20:02:03',	'2020-08-31 17:41:05',	'Alians',	15,	NULL),
(9,	'Framboisier',	'https://jardinage.ooreka.fr/plante/voir/2/framboisier',	'2020-08-26 20:03:38',	'2021-03-16 20:58:14',	'aucune idée',	8,	12),
(10,	'Physalis',	'.',	'2020-08-26 20:03:57',	'2020-09-30 12:26:29',	'aucune idée',	12,	9),
(11,	'Rosiers',	'.',	'2020-08-26 20:04:07',	'2020-08-31 17:42:00',	'.',	17,	NULL),
(12,	'Buddleia',	'.',	'2020-08-27 05:49:53',	'2020-08-31 17:38:28',	'Aucune idée',	6,	NULL),
(13,	'Bruyère',	'noter quand elle est en fleur',	'2020-08-27 05:54:17',	'2020-08-31 17:34:19',	'aucune idée',	4,	NULL),
(14,	'Engrais verts',	'été 2020 : Sarrasin sur la haie du fond\r\nhiver 2019 : phacéie sur bande 1 et 2\r\n\r\nEnrichir en Azote : le lupin, la luzerne, la vesce, le pois, la féverole ou le trèfle\r\nSystème racinaire dense et profond : La moutarde, le sarrasin, le seigle, la phacélie et l\'avoine\r\nSi vous voulez attirer les insectes pollinisateurs, choisissez la luzerne, le trèfle, la moutarde et la phacélie.\r\n\r\n\r\n\r\nSi vous envisagez d\'utiliser les engrais verts entre deux cultures, il faudra en choisir un de croissance rapide ! La moutarde blanche arrive en tête, suivie de la phacélie, du sarrasin, de la féverole, de la vesce et de l\'avoine.\r\nSi au contraire vous voulez couvrir le sol sur une plus longue période pensez au seigle, au trèfle violet ou au lupin.\r\n\r\nSi vous recherchez un engrais vert qui assure un bon apport en carbone après enfouissement, pensez aux graminées comme l\'avoine, le seigle, ou au sarrasin qui fait quant à lui partie de la famille des Polygonacées.\r\n\r\nSi vous habitez dans une région où le gel sévit, plantez de la féverole, du lupin, de la luzerne, du trèfle violet, ou du seigle et évitez les autres engrais verts plus sensibles au froid.',	'2020-08-30 06:02:25',	'2020-09-05 19:28:51',	'Seigle, Phacélie, Luzerne, Moutarde, Vesce, Sarrazin, Trèfle',	NULL,	NULL),
(15,	'Patate Douce',	'L\'idéal serait de trouver de la Patate Douce \'finger\'. \r\n\r\nMais ce qui est faisable aussi est d\'acheter des patates douces en Janvier et partir de celà.',	'2020-08-30 06:18:25',	'2020-08-31 17:39:27',	'Finger',	10,	NULL),
(16,	'Poireau perpétuel',	'https://www.fermedesaintemarthe.com/A-17237-poireau-perpetuel-ab-bulbilles.aspx',	'2020-08-30 06:21:09',	'2020-09-30 12:26:41',	'Aucune idée',	18,	4),
(17,	'Capucine',	'.',	'2020-08-30 06:22:45',	'2020-09-30 12:26:07',	'.',	7,	9),
(18,	'Poire de terre',	'La poire de terre est une plante tubéreuse vivace sous les climats chauds, originaire d\'Amérique du Sud où elle est appelée yacón. Ses hampes florales très ornementales peuvent atteindre deux mètres de haut.\r\nLa poire de terre est cultivée pour ses longs tubercules charnus et comestibles de couleur crème, qui peuvent être consommés crus ou cuits à la manière des pommes de terre dans des plats mijotés ou en desserts.\r\nLa couronne de rhizomes de couleur violette (située au dessus du tubercule de couleur crème - voir schéma) servira à la multiplication du plant. Il est également possible de s\'en servir pour nourrir les animaux.\r\n\r\nLa poire de terre mesurant jusqu\'à 1,5m - 2m de haut peut être utilisée pour réaliser un rideau végétal.',	'2020-08-30 06:25:34',	'2020-08-31 17:40:51',	'Aucune idée',	14,	NULL),
(19,	'Santoline',	'.',	'2020-09-01 10:25:07',	'2020-09-01 10:25:07',	'.',	19,	NULL),
(20,	'Verveine',	'Achetée en Octobre 2019 à la pépinière du guérinais',	'2020-09-30 12:10:17',	'2020-09-30 12:10:17',	'Hastata',	20,	NULL),
(21,	'Hibiscus aux fleurs violettes',	'trouvé au troc plante 2020',	'2020-09-30 12:16:43',	'2020-09-30 12:16:43',	'.',	21,	1),
(22,	'Estragon',	'Achetée en 2020 à la pépinière du guérinais',	'2020-09-30 12:25:34',	'2020-09-30 12:25:34',	'.',	22,	9),
(23,	'Artichaut',	'Oeilletons récupérés du Colibri.\r\nPas mal de pucerons en 2020.',	'2020-09-30 16:58:38',	'2020-09-30 17:03:12',	'bretons',	23,	4),
(24,	'Artichaut',	'Oeilletons récupérés au Colibri',	'2020-09-30 17:02:56',	'2020-09-30 17:02:56',	'bretons',	23,	12),
(25,	'Seigle',	'semé a la volée le 3 octobre',	'2020-10-03 18:18:10',	'2020-10-03 18:18:10',	'.',	NULL,	4),
(26,	'Ciboulette',	'.',	'2020-10-04 17:25:03',	'2020-10-04 17:25:03',	'.',	24,	10),
(28,	'Reine Claude de françoise',	'Donné le 14 octobre 2020\r\n\r\nCes variétés sont souvent très productives et rustiques (jusqu\'à -15° C). Elles peuvent être cultivées en altitude à condition de bénéficier de beaucoup de soleil. Le prunier reine-claude apprécie les sols légers, aérés et profonds. Sa culture est facile à partir d\'un noyau planté, qui doit subir le froid pour germer.\r\n\r\nLa plantation du prunier se réalise en automne s\'il est en racines nues, ou au début du printemps. Tassez la terre une fois l\'arbre planté, et arrosez immédiatement. Votre prunier reine-claude a également besoin d\'un tuteur. Celui-ci est incliné à 45° C afin de ne pas gêner, ni blesser les racines.\r\n\r\nBon à savoir : certaines variétés de reine-claude sont auto-fertiles. Les autres doivent être plantées à proximité de variétés compatibles afin de permettre la pollinisation, et donc la fructification.',	'2020-10-15 06:40:45',	'2020-10-15 06:41:59',	'.',	26,	14),
(29,	'Cassissier',	'Récupéré des bout marcotés chez francoise le 15 octobre',	'2020-10-15 06:49:08',	'2020-10-15 19:28:17',	'.',	27,	13),
(30,	'Charme commun',	'récupéré le 14 octobre',	'2020-10-15 06:55:32',	'2020-10-15 19:31:26',	'.',	28,	1),
(31,	'Rince bouteille',	'.',	'2021-01-17 15:09:18',	'2021-01-17 15:09:18',	'.',	29,	11),
(32,	'Bonnet d\'évêques',	'Venant de chez Benj et Aurel. Bouturé au premier de l\'an. Replanté le 17janvier 2021',	'2021-01-17 15:15:48',	'2021-01-17 15:15:48',	'.',	30,	13),
(33,	'Chicorée',	'D\'origine italienne, seules les variétés rouges type Trévise et Palla Rossa sont connues en France, à noter que la coloration n\'apparaît qu\'avec les premiers froids. En voici une autre variété originale.\r\n\r\nSemis en été pour récoltes automne, hiver, début de printemps, environ 600 graines au gramme.\r\n\r\nancienne variété de chicorée à racine cultivée depuis des siècles en Italie et dans le nord de la France sous le nom de tête d’anguille. 30 cm de long, se consomme cuite, apporte une délicieuse note d’amertume à vos plats. Culture facile, récolte automne/hiver, semences reproductibles.',	'2021-01-19 18:28:09',	'2021-01-19 18:29:23',	'ITALIENNE DI CHIVARI',	31,	NULL),
(34,	'Chou cabus',	'(nantais Colas), pomme ronde, vert foncé, presque posée sur le sol, pied très court, pour récoltes d\'été et d\'automne, convient aux climats doux de l\'Ouest, semences reproductibles.\r\n\r\nTrès ancienne variété française fortement répandue en Anjou et en basse Bretagne. Le chou Cabus Nantais Hâtif était anciennement aussi connu sous les noms de : chou Jaunet, chou de Chenillet, chou Pommé d’Angers ou chou Gaouin. La variété est très distincte à pied très court, pomme très dure et très serrée plutôt aplatie, 20 cm de large, feuilles extérieures peu nombreuses à peine cloquée d’un beau vert foncé, celles de la pomme vert pâle.\r\n\r\nLe chou Cabus Nantais Hâtif préfère les climats doux, aux environs de Paris, il a quelques peines à supporter les hivers quand ils sont froids et humides.\r\n\r\nDans son pays d’origine, le chou Cabus Nantais Hâtif se sème surtout à l’automne pour une récolte de printemps. Dans les régions plus froides, le chou Cabus Nantais Hâtif se sème en pépinière de février à avril, se repique et se récolte 8/10 semaines après',	'2021-01-19 18:33:30',	'2021-01-19 18:35:42',	'nantais hatif',	32,	16),
(35,	'OSEILLE',	'Vivaces, les feuilles d\'oseille s\'emploient soit à la façon de l\'épinard, soit à la préparation de soupes. Semis au printemps en ligne, s\'éclaircit ou se repique, 1.000 graines au gramme :\r\n\r\ndite sanguine, la meilleure variété car les feuilles déjà toutes petites sont striées rouge, comestibles et très décoratives, semences reproductibles.',	'2021-01-19 18:54:15',	'2021-01-19 18:54:15',	'SANGUINEUS BLOODY DOCK',	33,	12),
(36,	'Pois hatif 1/2 ramant',	'Dans les régions méridionales, les semis débutent en septembre/octobre ; pour les climats plus rudes, on sème de février à mi-juillet pour les semis tardifs. Les pois à grains ronds sont non sucrés et se sèment tôt en saison car résistants au froid. Les pois à grains ridés sont sucrés et se sèment lorsque la terre est déjà réchauffée, recommandés pour les deuxièmes semis. CULTURE DES POIS : se plaisent en terres meubles, saines et fertiles, ayant du fond. Les terrains humides ou trop calcaires ne lui conviennent pas. Se sèment généralement sur 2 lignes (une graine tous les 2 à 3 cm) espacées de 40 à 50 cm ; toutes les deux lignes ménager un sentier de 80 cm, de façon à ce que les plantes aient un maximum d\'air et de lumière. Lorsque les plants atteignent 10 cm de haut, procéder à un premier binage et butter légèrement. Les rames sont faites de branchages ramifiés de 2 m de hauteur. RÉCOLTE : la cueillette des pois se fait tous les 2 ou 3 jours, d\'abord à la base puis au sommet. Pendant celle-ci, ne pas craindre d\'arroser pour aider à la formation des dernières gousses. Les pois mangetout sont récoltés lorsqu\'ils sont à moitié de leur développement.\r\n\r\ngrains ronds, ancienne et bonne variété demi-ramante, très hâtive, plus précoce que NAIN d\'ANNONAY et plus productive, cosses droites contenant 6/7 grains. Variété idéale pour les semis précoces, semences reproductibles, 70 cm.',	'2021-01-19 18:56:31',	'2021-01-19 18:56:31',	'prince albert',	34,	6),
(37,	'Oignons Jaune',	'Très ancienne variété française tirant son nom de la plaine des Vertus, lieu-dit aujourd\'hui oublié: la « plaine des Vertus », drainée par le ru de Montfort. Elle s\'étendait sur Aubervilliers et La Courneuve, jusqu\'aux limites de Bobigny et de Drancy (Seine-Saint-Denis). L\'église d\'Aubervilliers, Notre-Dame-des-Vertus, lui doit son nom. L\'actuel parc départemental de la Courneuve a été aménagé sur sa partie nord, tandis qu\'au sud la plaine des Vertus venait buter sur le côteau de Pantin.\r\n\r\nLes Vertus ont été jusqu\'en 1876 la plus vaste plaine légumière de France, souligne Jean-Jacques Péru, historien et chercheur, qui anime l\'écomusée de La Courneuve. Ensuite, le développement de Gennevilliers est venu la concurrencer, puis l\'urbanisation et l\'industrialisation ont repoussé les \"laboureurs de légumes de plus en plus loin. Le coup de grâce est venu avec la création du Marché d\'Intérêt National de Rungis, qui a coïncidé avec la création, dans les années 60, du grand ensemble des 4.000 à La Courneuve. Depuis l\'inauguration de l\'écomusée en 1983, puis l\'ouverture du musée des cultures légumières à la Courneuve, Jean-Jacques Péru a collecté des centaines de témoignages et des milliers d\'objets ayant marqué l\'activité de ces «laboureurs de légumes», mi-paysans, mi-maraîchers. Car sur la plaine des Vertus, on ne pratiquait pas le forçage des primeurs, on n\'amenait pas sur les marchés de détail la botte de persil, la poignée d\'épinards ou les premiers haricots de la saison, comme le font les maraîchers traditionnels. On produisait en masse, pour le carreau des Halles, les légumes de pleine saison, base de l\'alimentation du peuple de Paris, selon un système économique rodé au fil des générations.\r\n\r\n«Les Vertus, c\'était le gros légume, celui qui tient au ventre pour la soupe et le bouillon», explique Jean-Jacques Péru. Donc le chou de Milan gros des Vertus, le chou cabus cœur de bœuf des Vertus, l\'oignon jaune paille des Vertus, le navet des Vertus marteau tirent le nom de cette plaine de culture. Sous le Second Empire, on comptait ainsi, sur les mille hectares de la plaine des Vertus, près de cinq cents ménages de cultivateurs, dont les plus riches possédaient quatre ou cinq chevaux, plusieurs charrues et chariots. Ces laboureurs de légumes, conduisaient eux-mêmes vers le «Ventre de Paris» leurs charrettes emplies d\'une montagne de choux et de poireaux, qu\'ils déversaient à une heure du matin aux Halles, où ils restaient «sur le carreau» en cas de mévente; à l\'aube, ils regagnaient La Courneuve ou Aubervilliers avec un chargement de pierre, pour les routes, ou de «boues d\'aisance», pour la fumure.\r\n\r\nAujourd\'hui, la quasi-totalité de la production de légumes « labourés » de Seine-Saint-Denis est issue de trois entreprises de maraîchage situées à Saint-Denis, Aubervilliers et Stains. Mais il reste aussi un témoignage architectural de l\'ancienne prospérité des Vertus: les «maisons de plâtre», très caractéristiques, avec leur porte cochère et leur cour en partie couverte, où l\'on ficelait les bottes et préparait les charrettes. Construits sur un soubassement de pierre de soixante-dix à quatre-vingts centimètres de haut, leurs murs étaient ensuite montés en plâtre, que l\'on bourrait de petits moellons et de débris divers. Le gypse, à profusion dans les environs, permettait ainsi d\'édifier une bâtisse sur deux niveaux à bon marché.\r\n\r\nQuand il a commencé, au début des années 80, à répertorier les maisons de plâtre des laboureurs de légumes d\'Aubervilliers et la Courneuve, Jean-Jacques Péru en a déniché quarante encore debout. Aujourd\'hui, il en reste à peine vingt, essentiellement autour de l\'ancien hameau de Crèvecoeur. Certaines tombent en ruine, d\'autres sont restaurées avec plus ou moins de bonheur, aucune n\'est classée, bien que la plupart datent du XVIIIe siècle. Mais les monuments historiques, habitués aux églises et châteaux, n\'ont pas le réflexe de préserver ces fragiles vestiges du patrimoine populaire. Heureusement, la ville de La Courneuve a restauré en 1985 une de ces maisons de plâtre en créant le musée des cultures légumières. Et la ville d\'Aubervilliers vient à son tour de racheter l\'ancienne ferme Mazier.\r\n\r\nDans le passé l’oignon jaune paille des Vertus était connu sous diffèrent nom : oignon  de Verberie, oignon d’Aubervilliers, oignon de Limoges, oignon de St Urgent. Son bulbe est rond, plat, 8/10 cm de Ø sur 4/5 cm d’épaisseur, collet assez fin, sa pelure a une belle couleur mordorée dès qu\'il atteint la pleine maturité. C\'est l\'oignon jaune paille des Vertus, bien connu des jardiniers amateurs et des professionnels. Semé et planté dans toute l’Europe, c’est une bonne variété rustique, semis et repiquage faciles à réussir.\r\n\r\n\r\n\r\nSemis au jardin, en ligne, de fin février à fin avril pour les régions froides, semis automnal possible pour les régions méridionales. La graine doit être peu enterrée puis éclaircir, sarcler et biner. Récolte en août-septembre par temps sec lorsque les feuilles sont fanées, laisser les bulbes ressuyer sur le sol durant 8 jours.\r\n\r\nIl se conserve tout l\'hiver, pour peu qu\'on le suspende dans un endroit sec et bien aéré.',	'2021-01-19 19:37:11',	'2021-01-19 19:38:23',	'Paille Des Vertus',	35,	4),
(38,	'Ail rocambole',	'Egalement nommé ail d’Espagne, produit des petits bulbes comestibles en haut de la tige, s’utilisent frais pour parfumer les mets ou en vinaigre comme les cornichons. Les bulbes en terre se consomment comme l’ail. Un légume vivace dit ancien, rare, culture facile.',	'2021-01-19 19:48:15',	'2021-01-19 19:52:08',	'rocambole',	37,	11),
(39,	'Courge Spaghetti',	'appelées Winter Squash en Asie et aux USA, les fruits sont de petites tailles (1 à 3 kg) mais possèdent une très bonne qualité de chair et sont de très bonne conservation hivernale. Leur petite taille et le moelleux de leur chair en font des fruits de tout premier ordre, bien supérieurs aux potirons classiques et un peu meilleurs que les potimarrons. à essayer, vous serez conquis par ces courges d\'hiver, environ 6 à 8 graines au gramme :\r\n\r\nspaghetti végétal (blanche des Abrons), native de Mandchourie, c\'est une excellente variété à accommoder de multiples façons après cuisson de 30 minutes au court-bouillon. Se palisse très bien et se conserve jusque 6 mois. Fruits oblongs de 30 cm de long à maturité, très digestes et légers, très coureuse, semences reproductibles.',	'2021-01-19 20:07:33',	'2021-01-19 20:07:33',	'COURGE VEGETABLE SPAGHETTI',	38,	11),
(40,	'Arroche verte',	'(atriplex hortensis), annuelle de culture facile, se consomme cuite comme les épinards et sert aussi à adoucir l\'oseille, 100 cm.\r\n\r\nvivace et extrêmement rustique, produit abondamment des feuilles sagittées, vert foncé, épaisses et charnues qui se consomment comme des épinards, semences reproductibles.\r\n\r\nL’arroche bon-henri reste assez facile à cultiver. Semez en place ou mieux en pépinière au printemps puis repiquer dans une terre de jardin restant fraiche et assez riche. Vous pouvez aussi semez en godet et les repiquer lorsque les pousses font 5 à 10 cm de haut. Ainsi vous n’aurez pas besoin de les éclaircir et vous ne planterez que ce dont vous ave besoins. Les feuilles se récoltent au fur et à mesure de vos besoins. Si vous laissez des graines, il y a de grandes chances pour qu’il se ressème de lui-même.',	'2021-01-19 20:23:15',	'2021-01-19 20:24:05',	'Bon Henri',	39,	12),
(41,	'Basilic',	'grandes feuilles vertes, luisantes, bombées, ovales, bien parfumées, semences reproductibles.\r\nsemis le 18/3/2023',	'2021-01-19 20:27:13',	'2023-03-19 21:38:05',	'GRAND VERT BIO',	3,	17),
(42,	'Capucine naine',	'6/10, annuelle, grandes fleurs simples en mélange employées pour l\'ornementation des salades et les fruits encore verts, confits au vinaigre, servent d\'assaisonnement comme les câpres, semences reproductibles, 25 cm.',	'2021-01-19 20:37:54',	'2021-01-19 20:37:54',	'tom pouce',	7,	12),
(43,	'Capucine naine',	'Ne pas tout semer, car il y en aura aussi en exterieur',	'2021-01-19 20:39:16',	'2021-01-19 20:39:16',	'tom pouce',	7,	17),
(44,	'Pdt',	'Achetées chez BDV\r\nMise immédiatement dans la cuisine du bas',	'2021-03-16 20:54:29',	'2021-03-16 20:54:29',	'belle de fontenay',	15,	7),
(45,	'Persil Tubereux',	'Mis dans le carré le plus proche du barbeuk',	'2021-03-20 10:57:40',	'2021-03-20 10:57:40',	'papa',	40,	8),
(46,	'Ail rocambole',	'Vivace',	'2021-03-20 11:04:23',	'2021-03-20 11:04:23',	'.',	37,	2),
(47,	'Lupins doux',	'Saint marthe, plantation planifiée pour mars 2022',	'2022-02-14 17:16:44',	'2022-02-14 17:16:44',	'saint marthe - LUPIN BLANC DOUX A GROS GRAINS NT',	41,	NULL),
(48,	'Capucine',	'Semis le 18 mars 2023',	'2023-03-19 21:37:39',	'2023-03-19 21:37:39',	'.',	7,	17),
(49,	'Persil tubereux',	'semis le 18/03',	'2023-03-19 21:38:46',	'2023-03-19 21:38:46',	'.',	36,	17),
(50,	'petit pois',	'semis en pleine terre le 19/3/2023',	'2023-03-19 21:41:16',	'2023-03-19 21:41:16',	'.',	34,	16);

INSERT INTO `task_definitions` (`id`, `name`, `category`, `description`, `created_at`, `updated_at`, `date_beg`, `date_end`, `plant_definition_id`) VALUES
(1,	'Fiche : Taille du pommier',	'Taille',	'Quand tailler les pommiers ?\r\n\r\nLa taille du pommier se fait en général en début d\'hiver mais courre jusqu\'en février (hors période de gel), dans le but de favoriser la fructification. Plus vous taillerez tard, mieux vous reconnaitrez les bourgeons qui donneront des fleurs car ils gonflent déjà. Toutefois, elle est souvent complétée par une taille d\'été qui vise à conserver à l\'arbre un joli port et à encourager la formation de boutons à fruits. \r\n\r\nEn premier lieu, munissez-vous d\'un bon sécateur bien affûté afin de ne pas \"mâcher\" la coupe qui favoriserait le développement de maladies. Sachez aussi que la coupe doit être orientée dans le même sens que le bourgeon sous-jacent.\r\n\r\nAvant l\'hiver, en ce qui concerne les tiges et les demi-tiges, votre taille à trois yeux aérera le centre de l\'arbre. Vous rajeunirez les charpentières uniquement tous les 6 ou 7 ans, à deux yeux. Quant aux rameaux les plus vigoureux, vous les taillerez à quatre yeux.\r\n\r\nDès le mois de juin, vous pourrez pincer les rameaux à bois, ce qui allègera l\'arbre. Par ailleurs, si vous constatez trop de bourgeons à fruits, vous pourrez les éclaircir afin de ne laisser qu\'un fruit par bouquet.',	'2020-08-26 17:50:48',	'2020-08-26 19:24:52',	'2020-12-08',	'2021-02-25',	NULL),
(2,	'Fiche : Taille d\'entretien de l\'Olivier',	'Taille',	'La taille d\'entretien s\'effectue tous les ans en février.\r\n\r\n\r\n    Couper les « souchets », ces rejets qui ont poussé au pied de l\'arbre.\r\n    Couper les rameaux qui partent du tronc.\r\n    Tailler les branches qui poussent vers l\'intérieur.\r\nTailler le bout des branches. Pour limiter le développement en longueur ou en largeur. Plus les branches sont proches du tronc, meillleurs en seront les olives',	'2020-08-26 18:18:52',	'2020-08-27 06:03:41',	'2021-02-01',	'2021-02-24',	NULL),
(3,	'Fiche : Taille de fructification de l\'Olivier',	'Taille',	'À faire tous les deux ans (les fruits viennent sur les bois de l\'année précédente) après les grands froids (selon les régions) et avant l’apparition des premières fleurs (mai). Cette taille « en gobelet » vise à donner à l\'arbre une structure avec 4-5 branches. Elle favorise la circulation de l’air, donc la pollinisation et la fructification, et diminue les risques de maladies en augmentant la lumière.\r\n\r\n    Élaguer les branches de l\'année précédente, qui ont déjà donné.\r\n    Couper les branches arquées juste après le dernier rameau avant la courbure.\r\n    Sur les jeunes oliviers, laisser un rameau à fruits tous les 15 cm.\r\n    Par la suite, couper les nouveaux rameaux qui partent du tronc.\r\n    Couper le bois mort.\r\n    Raccourcir d\'un tiers les branches les plus vigoureuses : les fruits sont d\'autant meilleurs qu\'ils poussent proches du tronc.',	'2020-08-26 18:19:25',	'2020-08-26 19:28:27',	'2022-02-01',	'2022-02-26',	NULL),
(4,	'Achats Septembre 2020',	'Achats',	'Saint Marthe',	'2020-08-26 18:31:49',	'2020-08-26 19:29:18',	'2020-09-15',	'2020-09-15',	NULL),
(5,	'Récolte et Conservation de poires',	'Récolte et Conservation',	'Quand récolter les poires ?\r\nLa récolte des poires s\'effectue de fin juillet à octobre dans la majorité des régions. Elle peut se poursuivre en novembre sous climat doux.\r\nLe fruit doit se détacher de son pédoncule facilement en opérant un léger mouvement de rotation.\r\nLes graines à l\'intérieur du fruit doivent être marron foncé.\r\n\r\n    Variétés précoces : \'Guyot\', \'Beurré Giffard\', en juillet.\r\n    Variétés de saison : \'Williams rouge\', Williams Bon Chrétien\', \'Beurré d\'Anjou\', \'Beurré précoce\', \'Beurré Hardy\', \'Delbardélice\', \'Conférence\' en août,septembre et octobre.\r\n    Variétés tardives : \'Doyenné du Comice\', \'Delbarexquise d\'hiver\', \'Jeanne d\'Arc\', \'Passe Crassane\' de fin octobre à décembre.\r\n\r\nComment bien stocker les poires ?\r\nLes poires sont des fruits qui se conservent fort bien surtout pour les variétés dites \"de garde\". Si vous souhaitez conserver de longs mois vos poires, plantez de préférences ces variétés.\r\nAttendre le plus longtemps possible (juste avant les premières gelées) pour récolter les variétés tardives.\r\nTremper chaque queue de poire dans de la cire afin de limiter l\'évaporation et d\'augmenter le temps de conservation.\r\nPlacer les poires bien espacées, dans un local obscur, ventilé, avec une température ambiante fraîche toujours comprise entre 6 et 8°C sur des clayettes ou dans des cageots en bois. Elles se conserveront jusqu\'à trois mois.\r\n\r\nCongélation : les poires peuvent être congelées en quartier après épluchage et mise en sachet. Conservation : 12 mois.\r\nEn compote ou en sirop : conservation dans des pots stérilisés dans un local frais et obscur, 2 mois.\r\nEn confitures, gelée ou liqueur : plusieurs années.',	'2020-08-26 18:34:26',	'2020-09-05 20:01:08',	'2020-07-31',	'2020-10-08',	2),
(6,	'Récolte et Conservation de pèches',	'Récolte et Conservation',	'Quand récolter la pêche ?\r\n\r\nLa récolte des pêches va de juin pour les variétés précoces (\'Charles Ingouf\', \'Robin\') à septembre pour les tardives (pêche de vigne, Reine des vergers,...).\r\nUne fois mûres, les pêches se récoltent dans un laps de temps limité, plus ou moins deux semaines, car elles risquent ensuite de tomber et de s\'abîmer.\r\nComment bien stocker les pêches ?\r\n\r\nLe stockage en conserve est le plus classique. Comme les pêches mûres ont de l\'eau et du sucre en quantité, il est même possible de les faire cuire sans rien ajouter d\'autre qu\'une cuillerée d\'eau pur le départ.\r\nLe stockage au congélateur fonctionne bien si les pêches sont dénoyautées. Les poser ensuite sur une plaque métallique pour les congeler une première fois sans qu\'elles n\'accrochent les unes aux autres, puis les sortir et les mettre dans un sac avant de les remettre au congélateur.',	'2020-08-26 18:37:00',	'2020-09-05 20:01:50',	'2020-09-01',	'2020-09-23',	11),
(7,	'Fiche : Taille d\'entretien du Buddleia',	'Taille',	'L\'arbuste produit des fleurs sur les tiges développées au printemps. Il n\'a pas forcément besoin de taille. \r\nUne année sur deux, taillez court : conservez 3 ou 4 grosses branches à80cm de haut. Supprimez tout le reste\r\nL\'année suivante, formez une bele charpente avec les branches qu\'il a produites à 1m-1350 de haut. Taillez aussi tous les diamètres inférieurs au diamètre d\'un crayon',	'2020-08-27 05:52:17',	'2020-08-27 05:52:17',	'2020-10-01',	'2020-10-27',	NULL),
(8,	'Fiche : Taille d\'entretien de la Bruyère',	'Taille',	'Juste après la floraison.\r\nEgalisez les touffes à la cisaille. Ne pas couper trop court car elle aura du mal à faire de la feuille sur du vieux bois.\r\n\r\nChez les espèces à floraison estivale, Calluna vulgaris, Erica Vagans, possible de tailler début Printemps',	'2020-08-27 05:56:28',	'2020-09-06 20:13:43',	'2020-09-03',	'2020-09-30',	4),
(9,	'Fiche : Semis et plantation de patates douces',	'Semis',	'Quand planter la patate douce ?\r\n\r\nLa plantation se fait au printemps, après les derniers risques de gelées nocturnes, à partir d\'avril-mai selon la température.\r\nComment la planter en pleine terre ?\r\n\r\nLes tubercules sont mis en végétation dès la fin de l\'hiver à la lumière et au chaud (en intérieur ou sous châssis à environ 20 °C) afin qu\'ils produisent de jeunes pousses qui seront mises à raciner toujours au chaud, avant d\'être mises en place au printemps.\r\n\r\nPour favoriser le réchauffement du sol, on plante généralement les patates douces sur des billons (rangées de petites buttes de 15-20 cm de hauteur, aplaties au sommet), ce qui facilite aussi l\'arrosage et la récolte. Formez 2 billons côte à côte, puis un espace de 90 cm et de nouveau 2 billons, etc. Vous aurez ainsi à la planche de culture des deux côtés.\r\n\r\nLors de la préparation du sol, apportez du compost ou du fumier bien décomposé (1 kg/m2) et de la cendre de bois (maxi 200 g/m2).\r\n\r\nPlantez les patates en quinconce sur le sommet des billons, espacées de 30 à 35 cm.\r\nComment planter la patate douce en pot ?\r\n\r\nVous pouvez tenter une culture de patate douce comme plante d\'intérieur.\r\n\r\n    Installez le tubercule sur un vase à amaryllis ou dans un pot (de 20 cm) rempli de terreau plantes vertes, comme pour lui faire produire des boutures.\r\n    L\'eau ne doit pas arriver jusqu\'au tubercule, mais il faudra compléter le niveau régulièrement.\r\n    Installez devant une fenêtre et lorsque les pousses sortent, laissez-les grandir en les accrochant sur un support au fur et à mesure de la pousse.\r\n    Elle risque de devenir assez vite envahissante, vous pourrez la jeter à ce moment-là.\r\n\r\nSi vous installez des variétés décoratives en pot à l\'extérieur, optez pour un pot assez grand (30 cm de diamètre) et un terreau léger contenant de la tourbe.\r\n\r\n\r\nCulture de la patate douce\r\n\r\nCette patate est très adaptée à la culture dans les régions méridionales car elle demande chaleur et soleil, ailleurs nous vous recommandons de la cultiver sous abris éventuellement chauffés.\r\nPlanter d\'avril à mai tous les 30 cm, sur des rangs distants de 90 cm lorsque les gelées ne sont plus à craindre dans un sol frais, profond et riche en humus avec une exposition ensoleillée.\r\n\r\nCulture en pleine terre :\r\nMettre les tubercules en végétation dès la fin de l\'hiver à la lumière et au chaud (intérieur ou sous châssis à 20°C) pour les faire germer.\r\nPlanter au printemps tous les 30 cm, sur des rangs distants de 90 cm sur de petites buttes dans un sol frais, profond et riche en humus avec une exposition ensoleillée de préférence sous un abri.\r\nButter les pieds comme pour une pomme de terre dès que les tiges sont assez longues.\r\nArroser fréquemment surtout en début de culture. La patate douce craint la sécheresse.\r\nEviter les engrais azotés qui favoriseront le feuillage au détriment des racines ajouter plutôt de la potasse.\r\n\r\nCulture en pot :\r\nPour faire germer votre patate douce :\r\n1ère technique : placer le tubercule dans un verre d\'eau avec des cures dents comme on le fait pour l\'avocat près d\'une fenêtre et à température ambiante. La patate doit être à moitié immergée. Changer l\'eau du bocal régulièrement pour qu\'elle reste propre. Patience, la germination de la patate douce est très longue, elle peut aller de 1 à plusieurs mois.\r\nPlanter le tubercule germé dans un pot de terreau d\'environ 30 cm de diamètre et placez le près d\'une fenêtre.\r\n\r\n2ème technique : placer le tubercule à l\'horizontal dans 10 cm de sable humide recouvert de 3 à 4 cm de sable. Des bourgeons vont naître des yeux, dès qu\'ils atteignent 10 cm les détacher délicatement et repiquer en pot.',	'2020-08-30 06:10:46',	'2020-08-30 06:13:22',	'2021-01-21',	'2021-03-31',	NULL),
(10,	'Bouturer Santoline',	'Bouture',	'Détacher, à la main ou aux ciseaux, des pousses terminales de 10-12 cm de long environ.\r\n    Retirer les tiges florales éventuelles, ainsi que toutes les feuilles sur la moitié inférieure.\r\n    Recouper les pointes si elles sont encore tendres.\r\n    Piquer les boutures à mi-hauteur dans le mélange léger, à mi-ombre. Le substrat doit être drainant et juste frais. Éviter le bouturage à l’étouffée, ainsi que les hormones de bouturage, qui provoquent plus de pourritures que de réussites.',	'2020-09-01 10:26:09',	'2020-09-05 19:55:15',	'2020-06-04',	'2020-08-31',	19),
(11,	'Récolte et Conservation de raisins',	'Récolte et Conservation',	'Histoire de la conservation à rafle fraiche des grappes de raisin\r\n\r\nAutrefois, pour conserver le raisin le plus longtemps possible, il était courant de suspendre les grappes sur des fils ou de les déposer sur des clayettes garnies de fougères, dans le grenier ou dans un fruitier : une partie d’entre elles résistait jusqu’à la fin de l’année sans s’abîmer. Mais un bien meilleur principe de conservation fut découvert au milieu du XIXè siècle par Baptiste Larpenteur, viticulteur à Thomery en Seine-et-Marne. A cette époque, le village comptait beaucoup de vignes de cépage Chasselas. Mais l’agriculture intensive a eu raison de cette culture dans les années 1970. Cependant, cette méthode de conservation à rafle fraîche ou à rafle verte a perduré et s’est même exportée à Moissac, dans le Tarn-et-Garonne, où le Chasselas est si connu.\r\n\r\nBaptiste Larpenteur a fait cette découverte en 1948, après avoir retrouvé un peu par hasard, en février, des sarments qu’il avait laissé tremper dans un fond d’eau, à l’automne précédent. A sa grande surprise, les grappes de raisin que portaient ces sarments étaient intactes !\r\n\r\nL’année suivante, en 1949, Baptiste-Rose Charmeux et Georges Valleaux mettent au point un système de tubes en zinc comportant de nombreux goulots destinés à recevoir de l’eau et un sarment avec sa grappe qui pendait à l’extérieur. Des améliorations seront tentées avec des flacons en terre cuite, en grès vernis (trop lourds et trop fragiles), et enfin en verre sur des supports en bois. Cette dernière matière s’avérant adaptée, le brevet en sera déposé en 1877. Sur le plan économique, parvenir à conserver le raisin intact de septembre à avril était un atout indéniable puisqu’il était possible de prolonger la vente de raisin de table hors saison à prix plus élevé nécessairement.\r\nTechnique pour conserver votre raisin jusqu’à Noël\r\n\r\nIdéalement, choisissez une variété qui se garde bien, comme le Chasselas de Thomery, ou à peau épaisse, ce qui limite les pertes en eau, comme le Servant, cépage tardif.\r\n\r\nDifférez le plus tard possible la récolte du raisin, et procédez au cours d’une belle journée ensoleillée, vers fin octobre à début novembre.\r\n\r\nVous aurez préalablement, les semaines précédentes repéré les grappes les plus belles, saines, toutes en longueur, desquelles vous aurez supprimé quelques grains pour aérer un peu la grappe.\r\n\r\nCoupez bien au-dessus du pédoncule de façon à garder un morceau de sarment assez long de chaque côté (10cm environ de part et d’autre).\r\n\r\nPrenez des bouteilles nettoyées en verre, de type bouteilles de jus de fruits, remplissez-les aux ¾ d’eau en glissant un petit morceau de charbon de bois pour éviter qu\'elle s\'abîme, et introduisez dans chacune l’extrémité d’un sarment de sorte que l’autre bout pointe vers le ciel et que la grappe pende le long de la bouteille. Afin qu’elle n’y soit pas trop collée, il convient de trouver une installation permettant à la bouteille d’être légèrement inclinée. Vous n\'aurez probablement pas besoin de rajouter d\'eau, son niveau baisse peu.\r\n\r\nLes bouteilles ainsi garnies doivent être stockées dans un local frais (10 à 12°C), à l’obscurité sans trop d’humidité pour éviter les risques de pourriture, et surveillez régulièrement l’évolution afin d’enlever les grains qui s’abiment. La rafle, c\'est-à-dire l’axe central de la grappe avec ses ramifications conduisant à chaque grain de raisin, va rester fraiche et compenser l’évaporation, permettant aux grains de ne pas se dessécher et de garder leur turgescence.\r\n\r\nCe sera un plaisir de déguster ce raisin sucré et doré à Noël voire même à Pâques si vous n’êtes pas trop gourmands !',	'2020-09-03 17:07:48',	'2020-09-06 20:18:52',	'2020-09-03',	'2020-11-11',	5),
(12,	'Fiche : Taille du pêcher après récolte des fruits',	'Taille',	'Il s\'agit de réaliser une taille pour anticiper la frutaison de l\'année prochaine. \r\nA savoir qu\'un arbre à noyau ne produit de fruit que sur les branches ayant poussé l\'année d\'avant.\r\nIl s\'agit donc de tailler au dessus d\'un bourgeon à bois pour que le rameau pousse. Plus les fruits sont proche de la charpentière meilleurs ils seront.\r\n\r\nTaillez au-dessus d’un beau bourgeon à bois ;\r\nGardez toujours une ramure bien ramifiée et équilibrée ;\r\nNe touchez pas beaucoup aux branches charpentières ;\r\nSupprimez les rameaux morts, ceux qui se dirigent vers le cœur de l\'arbre et ceux qui se croisent.\r\nRaccourcissez les rameaux de 2 ans : ce sont les branches qui ont porté du fruit cette année. Comme la branche ne porte du fruit qu\'une année sur deux, elle ne donnera pas l\'année à venir si vous ne la taillez pas.\r\nSupprimez les bouquets de mai : ce sont des rameaux courts qui portent un grand nombre de bouquet à fleurs.',	'2020-09-13 06:54:05',	'2020-09-13 06:54:05',	'2020-09-01',	'2020-09-30',	11),
(13,	'Fiche : Plantation poireau perpétuel',	'Plantation',	'La plantation de poireau perpétuel peut se faire à partir de la fin du mois d\'août et ce, jusqu\'au mois d\'octobre. Il est recommandé de choisir un lieu ensoleillé, où le sol est léger, riche en matière organique et drainant.\r\n\r\nBon à savoir : le poireau perpétuel pourra supporter un endroit où l\'exposition est mi-ombragée ; si le sol n\'est pas suffisamment drainant, un ajout de sable peut être réalisé avant la plantation ; il faut éviter de planter le poireau perpétuel dans un sol acide car cela risquerait de nuire à la récolte ; toutefois, si vous êtes dans un lieu où le sol est acide, un amendement calcaire peut être réalisé.\r\n\r\nEnfin, il est possible de planter le poireau perpétuel dans un gros pot ou une grande jardinière pour le (ou la) poser sur un rebord de fenêtre ou un balcon.',	'2020-09-19 15:27:53',	'2020-09-19 15:27:53',	'2020-08-13',	'2020-10-22',	18),
(14,	'Bouturer l\'Estragon',	'Bouture',	'La multiplication a lieu au printemps lorsque des jeunes pousses apparaissent :\r\n\r\n    Extirper avec un transplantoir à la périphérie du pied des rhizomes comportant des tiges secondaires avec de petites feuilles.\r\n    Détacher une à une les petites tiges sur le rhizome principal.\r\n    Réaliser les boutures y compris avec le principal rhizome.\r\n    Remplir des pots de 10 cm avec un terreau semis et bouture ou un terreau très léger mélangé avec du sable de rivière. Le substrat doit être pauvre.\r\n    Faire des avants trous pour ne pas fouler les tiges.\r\n    Planter les boutures sans enfuir les feuilles.\r\n    Tasser le substrat.\r\n    Arroser copieusement avec une pomme douce.\r\n\r\nEt après\r\n\r\n    Placer les pots sous un châssis ou une serre hors-gel. L’enracinement est effectif lorsque de nouvelles pousses apparaissent.',	'2020-10-03 18:28:27',	'2020-10-03 18:28:27',	'2021-02-18',	'2021-04-30',	22),
(15,	'Multiplication de la ciboulette par division de touffe',	'DivisionTouffe',	'On peut multiplier la ciboulette par semis, plantation ou division des touffes. Tous les trois ans, en octobre, déterrez les touffes et divisez-les en plusieurs éclats pour permettre à la plante de se régénérer. Replantez immédiatement.\r\n\r\nIl est également possible de laisser la ciboulette monter en graine afin qu\'elle se ressème naturellement. Mais dans ce cas, la production de feuilles sera faible.',	'2020-10-04 17:29:17',	'2020-10-04 17:29:17',	'2020-10-01',	'2020-10-31',	24),
(16,	'Taille du chrysanthème',	'Taille',	'Si l’hiver a été doux, il est possible de tailler les plantes en les raccourcissant de moitié au cours du mois d’avril. Ce n’est pas obligatoire mais cela permet d’avoir des plantes plus trapues et plus feuillues à leur base. Au bout de quelques années, il est recommandé de diviser en avril les vieilles souches et de replanter les éclats prélevés à leur périphérie, seuls aptes à redonner des pieds vigoureux.',	'2020-10-12 17:16:17',	'2020-10-12 17:16:17',	'2021-04-01',	'2021-04-22',	25),
(17,	'Taille du callistemon',	'Taille',	'Taille du callistemon :\r\n\r\nVous pouvez équilibrer l’arbre au printemps de manière douce.\r\n\r\nPour garder un port compact, coupez de moitié les pousses de l’année après la floraison.\r\n\r\nL’été, supprimez les fruits en formation car ils fatiguent inutilement la plante et coupez les tiges fanées.',	'2021-01-17 15:11:53',	'2021-01-17 15:11:53',	'2021-03-15',	'2021-04-15',	29),
(18,	'Semis chou cabus',	'Semis',	'Dans son pays d’origine, le chou Cabus Nantais Hâtif se sème surtout à l’automne pour une récolte de printemps. Dans les régions plus froides, le chou Cabus Nantais Hâtif se sème en pépinière de février à avril, se repique et se récolte 8/10 semaines après',	'2021-01-19 18:38:22',	'2021-01-19 18:38:22',	'2021-02-08',	'2021-03-30',	32),
(19,	'Semis pois hatif',	'Semis',	'semis hatif des petit pois',	'2021-01-19 19:03:13',	'2021-01-19 19:03:13',	'2021-02-15',	'2021-07-15',	34),
(20,	'semis',	'Semis',	'definition generique pour semis',	'2021-01-19 19:44:42',	'2021-01-19 19:44:42',	'2021-01-01',	'2021-12-31',	36),
(21,	'Bêcher',	'toBeDefined',	'toBeDefined',	'2021-03-18 16:54:18',	'2021-03-18 16:54:18',	'2021-03-14',	'2021-03-14',	NULL);

INSERT INTO `tasks` (`id`, `name`, `task_definition_id`, `plant_id`, `description`, `created_at`, `updated_at`, `date_beg`, `date_end`, `zone_id`) VALUES
(1,	'Taille d\'entretien de l\'Olivier en 2021',	2,	2,	'A faire en Février',	'2020-08-26 18:27:25',	'2020-08-31 19:13:27',	'2021-02-02',	'2021-02-23',	NULL),
(2,	'Acheter des graines',	4,	14,	'peut aussi attendre le printemps',	'2020-08-26 18:32:16',	'2020-08-31 19:11:50',	'2020-09-01',	'2020-09-04',	NULL),
(3,	'Récolter les poires',	5,	4,	'Fait le 26 aout et stocké dans la cave.\r\nMême si elles sont déjà bonnes. Elles semblent encore un peu vertes selon Erwann',	'2020-08-26 18:35:50',	'2020-08-31 19:12:04',	'2020-07-31',	'2020-10-08',	NULL),
(4,	'Récolter les pêches en 2020',	6,	5,	'Semble se destinerà Septembre. \r\nFin aout elles sont encore dures. Quelques unes se fendillent pourtant',	'2020-08-26 18:39:15',	'2020-08-31 19:23:50',	'2020-09-01',	'2020-09-23',	NULL),
(5,	'Taille d\'entretien',	7,	12,	'Faire la taille charpente haute',	'2020-08-27 05:52:45',	'2020-08-31 19:25:06',	'2020-10-01',	'2020-10-27',	NULL),
(6,	'Taille de la bruyère',	8,	13,	'Taille',	'2020-08-27 05:56:52',	'2020-08-31 19:24:55',	'2020-09-03',	'2020-09-30',	NULL),
(7,	'Taille de fructification',	3,	2,	'A faire l\'année prochaine',	'2020-08-27 06:20:17',	'2020-08-31 19:25:25',	'2021-02-01',	'2021-02-26',	NULL),
(8,	'Taille d\'entretien',	1,	1,	'Todo',	'2020-08-27 06:23:31',	'2020-08-27 06:23:31',	'2020-08-05',	'2020-08-27',	NULL),
(9,	'Achat de Seigle',	4,	14,	'Achat de seigle pouerdécompacter sous les rosiers',	'2020-08-30 06:03:04',	'2020-08-31 19:24:03',	'2020-09-01',	'2020-09-04',	NULL),
(10,	'Trouvable en Aout / Septembre',	4,	3,	'enfin ?',	'2020-08-30 06:21:37',	'2020-08-31 19:24:17',	'2020-09-01',	'2020-09-04',	NULL),
(11,	'Peut etre au printemps plutot',	4,	17,	'En tout cas j\'en voudrais bien l\'année prochaine',	'2020-08-30 06:23:23',	'2020-08-31 19:24:46',	'2020-09-01',	'2020-09-04',	NULL),
(12,	'Bouturer le1e septembre',	10,	19,	'Un peu tard mais le plant a  besoin d\'une seconde jeunesse',	'2020-09-01 10:26:48',	'2020-09-01 10:26:48',	'2020-09-01',	'2020-09-01',	NULL),
(13,	'Mise en bouteille a conserver pour l\'hiver',	11,	7,	'Mis 4 brins avec une grappe chacune le 3sept 2020\r\nAvec un carbon du barbeuk. A pas l\'air génial et s\'est déjà un peu émietté sur l\'eau.',	'2020-09-03 17:09:53',	'2020-09-03 17:09:53',	'2020-09-03',	'2020-09-03',	NULL),
(14,	'Taille après récolte',	12,	6,	'Même s\'il n\'y a pas eu de récolte cette année',	'2020-09-13 06:54:45',	'2020-09-13 06:54:45',	'2020-09-13',	'2020-09-13',	NULL),
(15,	'Taille après récolte',	12,	5,	'Il n\'y a pas eu de récolte sur le pêcher proche du compost\r\n\r\nTaille un peu sévère sur le pêcher à côté du poirier',	'2020-09-13 06:55:22',	'2020-09-13 10:26:36',	'2020-09-13',	'2020-09-13',	NULL),
(16,	'Première plantation',	13,	16,	'Reçu un colis de Baumaux hier. \r\nMise en terre en P4.',	'2020-09-19 15:28:49',	'2020-09-19 15:28:49',	'2020-09-19',	'2020-09-19',	NULL),
(17,	'Division de touffe',	15,	7,	'Je planifie pour demain mais ce n\'est pas encore fait',	'2020-10-04 17:30:10',	'2020-10-04 17:30:10',	'2020-10-05',	'2020-10-06',	NULL),
(19,	'Taille du callistemon',	17,	31,	'.',	'2021-01-17 15:12:30',	'2021-01-17 15:12:30',	'2021-03-15',	'2021-04-15',	NULL),
(20,	'Semis intérieur',	18,	34,	'.',	'2021-01-19 18:41:00',	'2021-01-19 18:41:00',	'2021-02-08',	'2021-03-30',	NULL),
(21,	'Repiquer chou sur terrain',	18,	34,	'Sortir des godets et à repiquer en terre.\r\nRéaliser un sillon. Ne pas oublier d\'arroser ensuite.\r\n\r\nAime les sols riches.',	'2021-01-19 18:43:13',	'2021-01-19 18:43:13',	'2021-04-08',	'2021-05-30',	NULL),
(22,	'Planter les oignons en pleine terre',	20,	37,	'voir pour 5 cm de distance? il me semble que c\'était ce que mentionnait Luc bienvenu. a valider sur le memo',	'2021-01-19 19:46:11',	'2021-01-19 19:46:11',	'2021-03-01',	'2021-04-30',	NULL),
(23,	'Planter l\'ail rocambole',	20,	38,	'Plantez l’ail à l’automne, octobre ou novembre, dans les terres les plus légères.\r\n• Plantez l’ail en février mars, dans les terres les plus lourdes.',	'2021-01-19 19:49:46',	'2021-01-19 19:49:46',	'2021-02-15',	'2021-03-15',	NULL),
(24,	'Semis des courges',	20,	39,	'Semis et plantation de courge spaghetti\r\n\r\nEn fonction du climat de votre région, le semis de courge spaghetti a lieu à partir du mois de février-mars sous abri et en godet avec un repiquage après tout risque de gelée, ou directement en place à partir du mois de mai.\r\n\r\n    La courge spaghetti redoute le froid et a donc besoin d’un climat tempéré à chaud pour lever correctement.\r\n    La courge spaghetti aime les sols plutôt riches, n’hésitez pas à amender le sol de compost ou d’un fertilisant avant de la cultiver.\r\n\r\nLe semis en godet doit se faire environ 3 semaines avant le repiquage en pleine terre. Il ne faut donc pas semer trop tôt.\r\n\r\n    Enfoncer légèrement 2 à 3 graines par godet.\r\n    Assurez vous que la température ne descende pas sous les 12° pendant la germination.\r\n    Une fois levée, on ne garde que la plante la plus vigoureuse.\r\n    3 semaines après, on peut mettre en terre à condition que tout risque de gelée soit écarté.\r\n    Prévoir un espace de 1 m minimum entre chaque pied.\r\n\r\nSemis de courge spaghetti en pleine terre :\r\n\r\nOn peut aussi effectuer un semis directement en terre à partir du mois de mai à condition d’avoir une belle arrière saison après l’été dans votre région.\r\n\r\n    La courge spaghetti a besoin d’un sol riche pour une belle récolte.\r\n    N’hésitez donc pas à apporter du compost ou du fertilisant dès la plantation.\r\n    Bien ameublir la terre avant de semer la courge spaghetti.\r\n    Prévoir un espace de 1 m minimum entre chaque pied.',	'2021-01-19 20:20:19',	'2021-01-19 20:20:19',	'2021-02-15',	'2021-03-31',	NULL),
(25,	'Semis',	20,	41,	'A faire en haut de la maison, sous le velux. Il faut du 18 - 20 °C minimum. Sujet à la fonte des semis… C\r\n\r\nPour mettre toutes les chances de votre côté, consultez le calendrier lunaire et semez le basilic en lune décroissante, un jour « feuilles ». \r\n\r\nProcurez-vous une ou plusieurs caissettes de semis et garnissez le fond de graviers ou de tout autre matériau drainant. \r\nPréparez un substrat bien homogène composé de 40 % de terreau spécial semis, 40 % de sable et 20 % de compost. \r\nDéposez le mélange sur les graviers. \r\nDéposez vos graines en les dispersant le plus régulièrement possible sans en mettre trop afin qu’elles ne soient pas trop tassées. \r\n\r\nAttention, cela demande une certaine agilité car les graines de basilic sont petites (800 graines / gramme) ! \r\n\r\nRecouvrez-les ensuite d’une couche de substrat restant, le plus fin possible car les graines doivent être peu enterrées. Tassez et parsemez légèrement de charbon réduit en poudre afin d’éviter la fonte des semis. \r\n\r\nArrosez délicatement pour ne pas labourer la terre : idéalement, utilisez un vaporisateur. \r\n\r\nRecouvrez la caissette d’un film plastique jusqu’à ce que la germination commence. \r\n\r\nN’oubliez pas de vaporiser régulièrement car la terre va sécher en intérieur, surtout à proximité d’un radiateur ou d’une fenêtre ensoleillée. Au bout d’environ une semaine, dès que les petites plantes lèvent, ne les laissez pas se tordre la tige vers la lumière, tournez plutôt régulièrement la caissette. \r\n\r\nEclaircissez afin de ne conserver que des plantes isolées, qui ne s’étouffent pas. \r\n\r\nLorsque les plantes ont 2 à 4 feuilles, repiquez-les en godets',	'2021-01-19 20:35:00',	'2021-01-19 20:35:00',	'2021-02-15',	'2021-03-15',	NULL),
(26,	'semer capucine',	20,	43,	'Semis en serre\r\n\r\n    Fin mars, remplir les godets en tourbe biodégradable d\'un mélange constitué à part égale de terreau et de sable ou d\'un terreau spécial semis du commerce.\r\n    Tasser la surface de la terre, enfoncer les graines dans le substrat sur un demi centimètre. Arroser et maintenir le substrat constamment humide tout au long de la levée.\r\n\r\nSemis sous châssis froid\r\n\r\n    En avril, procéder de même que pour le semis en serre.',	'2021-01-19 20:40:14',	'2021-01-19 20:42:35',	'2021-03-26',	'2021-03-31',	NULL),
(27,	'semis capucine',	20,	42,	'Fin mai, lorsque le sol est bien réchauffé et que tout risque de gel est écarté, planter les graines par poquets de 3 en pleine terre.',	'2021-01-19 20:42:01',	'2021-01-19 20:42:01',	'2021-05-27',	'2021-07-15',	NULL),
(28,	'Mise en terre des pommes de terres',	20,	44,	'Planté très serré. Environ 10 cm d\'écart.A voir si on ne choppe pas le mildiou du coup!',	'2021-03-16 20:56:13',	'2021-03-16 20:56:13',	'2021-03-14',	'2021-03-14',	NULL),
(29,	'Bêcher',	21,	NULL,	'Bêcher sans retourner la terre. \r\nSimplement piquer avec la fourche et la \"secouer\".  Parcourir dans les deux sens.\r\n\r\nForme de 8 pratique pour \"secouer\"',	'2021-03-18 16:54:18',	'2021-03-18 16:54:18',	'2021-03-14',	'2021-03-14',	7),
(30,	'Semis en pleine terre',	20,	45,	'Réalisé de petits sillons. \r\nSemis direct en pleine terre puis recouvert légèrement. \r\nArrosé',	'2021-03-20 10:58:37',	'2021-03-20 10:58:37',	'2021-03-20',	'2021-03-20',	8),
(31,	'Semis en pleine terre',	20,	46,	'Butte de 10cm. Mis en haut de la butte tous les 10-15 cm. Légèrement enfoncés.\r\nFait le 7 Février. Continué le 20 Février, sur le côté arrondi, avec des vieux bulbes retrouvés',	'2021-03-20 11:06:37',	'2021-03-20 11:06:37',	'2021-02-07',	'2021-02-20',	2),
(32,	'Récolte et Conservation de pèches',	6,	6,	'To realize.',	'2021-12-16 02:19:47',	'2021-12-16 02:19:47',	'2022-09-01',	'2022-09-23',	NULL),
(33,	'Bouturer l\'Estragon',	14,	22,	'To realize.',	'2021-12-16 02:19:48',	'2021-12-16 02:19:48',	'2022-02-18',	'2022-04-30',	NULL),
(34,	'Multiplication de la ciboulette par division de touffe',	15,	26,	'To realize.',	'2021-12-16 02:19:48',	'2021-12-16 02:19:48',	'2022-10-01',	'2022-10-31',	NULL),
(36,	'Semis pois hatif',	19,	36,	'To realize.',	'2021-12-16 02:19:48',	'2021-12-16 02:19:48',	'2022-02-15',	'2022-07-15',	NULL),
(37,	'Semis en pleine terre',	20,	47,	'Lieux et conditions :\r\nSous abri : Semer en bac ou godet dans un substrat drainant en poquet* à partir de mars jusqu\'à mai. La floraison se fera l\'année suivante.\r\nPleine terre / sans protection : Semer en place en poquet* de 3 graines en août ou septembre.\r\nPréparation du sol : Ameublir le sol avant le semis si celui-ci est trop compact, et ajouter du terreau pour alléger les sols lourds.\r\nTempérature de germination : De 10 à 20°C.\r\nNécessité d’un passage au froid : Pas nécessaire.\r\nTrempage* : Un trempage permet une levée plus homogène et plus rapide, mais n’est pas indispensable.\r\nDistançage :\r\nDans le rang : De 10 à 15 cm sur le rang.\r\nEntre les rangs : 30 cm entre les rangs.\r\nProfondeur : 3 cm de profondeur.\r\nTemps de levée : De 10 à 20 jours.\r\nEclaircissage : On éclaircit après la levée pour ne conserver que le plant le plus vigoureux de chaque poquet.\r\nRepiquage : On repique les plants semés en godet directement en place, lorsqu\'ils mesurent 4 à 5 centimètres.',	'2022-02-14 17:17:37',	'2022-02-14 17:17:37',	'2022-03-08',	'2022-03-24',	NULL);



